{
  "hash": "e562d18e",
  "configHash": "04fa62e1",
  "lockfileHash": "36656bc3",
  "browserHash": "9345d018",
  "optimized": {
    "@angular/core": {
      "src": "../../../../../node_modules/@angular/core/fesm2022/core.mjs",
      "file": "@angular_core.js",
      "fileHash": "d9b4bd05",
      "needsInterop": false
    },
    "@angular/platform-browser": {
      "src": "../../../../../node_modules/@angular/platform-browser/fesm2022/platform-browser.mjs",
      "file": "@angular_platform-browser.js",
      "fileHash": "28d9f25a",
      "needsInterop": false
    },
    "@angular/router": {
      "src": "../../../../../node_modules/@angular/router/fesm2022/router.mjs",
      "file": "@angular_router.js",
      "fileHash": "b5743ffb",
      "needsInterop": false
    },
    "@angular/platform-browser/animations/async": {
      "src": "../../../../../node_modules/@angular/platform-browser/fesm2022/animations/async.mjs",
      "file": "@angular_platform-browser_animations_async.js",
      "fileHash": "22d4a314",
      "needsInterop": false
    },
    "@angular/common/http": {
      "src": "../../../../../node_modules/@angular/common/fesm2022/http.mjs",
      "file": "@angular_common_http.js",
      "fileHash": "d41d225a",
      "needsInterop": false
    },
    "@angular/material/table": {
      "src": "../../../../../node_modules/@angular/material/fesm2022/table.mjs",
      "file": "@angular_material_table.js",
      "fileHash": "719b08c8",
      "needsInterop": false
    },
    "@angular/material/button": {
      "src": "../../../../../node_modules/@angular/material/fesm2022/button.mjs",
      "file": "@angular_material_button.js",
      "fileHash": "b0e9a4fd",
      "needsInterop": false
    },
    "@angular/material/card": {
      "src": "../../../../../node_modules/@angular/material/fesm2022/card.mjs",
      "file": "@angular_material_card.js",
      "fileHash": "45d5eb3e",
      "needsInterop": false
    },
    "@angular/material/toolbar": {
      "src": "../../../../../node_modules/@angular/material/fesm2022/toolbar.mjs",
      "file": "@angular_material_toolbar.js",
      "fileHash": "81551e6c",
      "needsInterop": false
    },
    "@angular/forms": {
      "src": "../../../../../node_modules/@angular/forms/fesm2022/forms.mjs",
      "file": "@angular_forms.js",
      "fileHash": "8ddec396",
      "needsInterop": false
    },
    "@angular/material/input": {
      "src": "../../../../../node_modules/@angular/material/fesm2022/input.mjs",
      "file": "@angular_material_input.js",
      "fileHash": "3e3bb6be",
      "needsInterop": false
    },
    "@angular/material/form-field": {
      "src": "../../../../../node_modules/@angular/material/fesm2022/form-field.mjs",
      "file": "@angular_material_form-field.js",
      "fileHash": "b6c9540a",
      "needsInterop": false
    },
    "@angular/material/radio": {
      "src": "../../../../../node_modules/@angular/material/fesm2022/radio.mjs",
      "file": "@angular_material_radio.js",
      "fileHash": "fd94d4fa",
      "needsInterop": false
    }
  },
  "chunks": {
    "browser-5PI3UDTX": {
      "file": "browser-5PI3UDTX.js"
    },
    "chunk-N4FPBIJK": {
      "file": "chunk-N4FPBIJK.js"
    },
    "chunk-IXTNH7RA": {
      "file": "chunk-IXTNH7RA.js"
    },
    "chunk-F6AHGRFY": {
      "file": "chunk-F6AHGRFY.js"
    },
    "chunk-JFQ5NKSM": {
      "file": "chunk-JFQ5NKSM.js"
    },
    "chunk-GWIJGIKZ": {
      "file": "chunk-GWIJGIKZ.js"
    },
    "chunk-CTAMOTJW": {
      "file": "chunk-CTAMOTJW.js"
    },
    "chunk-RDHJ4R2Z": {
      "file": "chunk-RDHJ4R2Z.js"
    },
    "chunk-ICWXYDRL": {
      "file": "chunk-ICWXYDRL.js"
    },
    "chunk-N4GGPGCC": {
      "file": "chunk-N4GGPGCC.js"
    }
  }
}